,first_name,middle,last_name,date_of_birth,sex,race_ethnicity,address,zipcode,household_id,unique_id,age,relation_to_household_head
82,Sadie,Katia,Tidwell,2017-10-15,Female,Black," w 4th st  north port, fl",34287,48,1,,
83,Liliana,Addisyn,Marshall,2019-12-03,Female,Black," w 4th st  north port, fl",34287,48,2,,
174,Holly,Emma,Yount,2019-05-17,Female,White,"7944 se 62nd ave  unincorporated, fl",32824,88,3,,
306,Emilee,Guadalupe,Haskew,2019-12-30,Female,Latino,"749 mi ridge ests  destin, fl",32541,150,4,,
323,Gunner,Liam,Parkinson,2020-03-03,Male,White,"600 n maranantha rd  hialeah, fl",33016,157,5,,
347,Lucy,Mayra,Campbell,2015-11-18,Female,Multiracial or Other,"9195 main str  middleburg, fl",32068,166,6,,
401,Julissa,Emma,Parks,2018-06-23,Female,White,"3657 field  yalaha, fl",34715,190,7,,
870,Lea,Isabella,Black,2017-11-18,Female,White,"18034 shawley dr  unincorporated, fl",33406,398,8,,
986,Olivia,Sara,Turner,2016-09-13,Female,Black,"4392 lighthouse ln  east lk, fl",33615,443,9,,
987,Elijah,Carson,Simmons,2019-05-28,Male,Black,"4392 lighthouse ln  east lk, fl",33615,443,10,,
1054,Noah,Oliver,Harris,2019-05-31,Male,Black,"23985 scott dr  casselberry, fl",32707,472,11,,
1207,Landen,Oliver,Lewis,2018-02-03,Male,White," hunters run dr  unincorporated, fl",33413,536,12,,
1319,Emma,Ava,Veliz,2016-09-24,Female,Latino,"1574 east 22 str  alachua, fl",32615,582,13,,
1320,Easton,Jose,Ramos,2019-05-31,Male,Latino,"1574 east 22 str  alachua, fl",32615,582,14,,
1348,Amia,Madison,Cunningham,2016-10-13,Female,Black,"213 lampkin street northeast number c 3 e palatka, fl",32131,594,15,,
1540,Alana,Reagan,Lingle,2016-08-12,Female,White,"380 berry rd  casselberry, fl",32707,678,16,,
1641,Jose,Amir,Dellinger,2018-12-17,Male,White,"7324 16th avenue north east  hallandale beach, fl",33009,720,17,,
1647,Javier,Bodhi,Kwiecien,2017-03-17,Male,White,"9738 n mulberry st  sebastian, fl",32958,723,18,,
1746,Jack,Rhett,Messina,2017-01-11,Male,White,"117 galway dr  nort prt, fl",33981,767,19,,
1747,Amara,Jahzara,Theriot,2018-08-26,Female,White,"117 galway dr  nort prt, fl",33981,767,20,,
1825,Dean,Joaquin,Rodriguez,2018-11-05,Male,Latino,"6455 co.rd 4715  lehigh acres, fl",33971,803,21,,
1849,Khloe,Raelynn,Messer,2017-07-20,Female,White,"2118 primrose lane  hollywood, fl",33019,815,22,,
1850,Nolan,Byron,Blevins,2019-09-13,Male,White,"2118 primrose lane  hollywood, fl",33019,815,23,,
2117,Evelyn,Skyla,Noel,2020-01-24,Female,White,"1908 boulder ridge parkway  plantation, fl",33324,935,24,,
2270,Luke,Gabriel,Ramos,2019-05-15,Male,Latino,"7 blue bird ct  cocoa, fl",32926,1002,25,,
2409,Saylor,Alexis,Kepner,2017-02-05,Female,White,"1825 lincoln st  oviedo, fl",32765,1063,26,,
2473,Juliana,Journie,Mockensturm,2017-09-06,Female,White," frederick avnu  jacksonville, fl",32211,1088,27,,
2626,Adam,Zander,Vanpelt,2017-08-19,Male,Black,"2979 holiday  sarasota, fl",34242,1154,28,,
2706,Malani,Anaya,Bram,2016-12-28,Female,White,"1569 park mdws dr  hialeah, fl",33013,1185,29,,
2707,Noah,Azariah,Freyer,2019-08-03,Male,White,"1569 park mdws dr  hialeah, fl",33013,1185,30,,
2708,Elliott,Vincenzo,Radabaugh,2019-07-03,Male,White,"1569 park mdws dr  hialeah, fl",33013,1185,31,,
3046,Isaac,Liam,Nagle,2019-11-25,Male,White,"186 foster avenue  mims, fl",32754,1341,32,,
3075,Inaaya,Jordan,Ivey,2019-03-13,Female,White,"13 jaspa road  jacksonville, fl",32210,1355,33,,
3221,Kaliah,Lexi,Tranquilino,2019-07-21,Female,Latino,"841 wilkerson st  doral, fl",33122,1418,34,,
3344,Avery,Ella,Brown,2020-01-12,Female,Black,"15647 allmand dr  sarasota, fl",34233,1475,35,,
3383,Skylar,Kinsley,Mcmillen,2017-06-01,Female,White,"406 miami ave  prt lonesome, fl",33810,1495,36,,
3420,Mateo,Hector,Rubio,2018-08-12,Male,Latino,"3069 clf mine rd  deltona, fl",32738,1511,37,,
3581,Kaylani,Journee,Sims,2018-08-05,Female,White,"121 scenic dr wst  fernandina beach, fl",32034,1576,38,,
3601,Joanna,Destiny,Gamboa,2019-03-02,Female,Latino,"7164 trout ln  holly hill, fl",32117,1584,39,,
3658,Christopher,David,Green,2018-07-19,Male,White,"40407 holley heights lp  jupiter, fl",33477,1609,40,,
3672,Luke,Owen,Hartman,2017-12-08,Male,White,"4601 cedar ave  venice, fl",34292,1614,41,,
3718,Amelie,Morgan,Duncan,2018-09-11,Female,White,"6805 colby ln  oviedo, fl",32765,1635,42,,
3822,Thomas,Kaden,Rogue-Luevano,2019-09-16,Male,Latino,"45 division ave  panama cty, fl",32405,1678,43,,
3886,Joshua,Henry,Swanson,2018-04-14,Male,White,"1109 sadler st  tequesta, fl",33469,1710,44,,
3904,Kenneth,Theodore,Abbasi Rehman,2016-10-20,Male,Multiracial or Other,"700 kiser rd  port charlotte, fl",33952,1719,45,,
3969,Derek,Axel,Wilson,2017-11-30,Male,White,"14550 serenoa dr  grand ridge, fl",32442,1743,46,,
4135,Calvin,Kingston,Falcon,2018-12-24,Male,Latino,"2617 universal dr  lisbon, fl",34748,1812,47,,
4139,Stella,Ivy,Miranda,2019-08-03,Female,Latino,"6240 e pemboke ct  destin, fl",32541,1815,48,,
4166,Kaliyah,Makayla,Scarlett,2019-08-11,Female,Black,"2600 comstock lane no  bradenton, fl",34202,1827,49,,
4194,Noah,Kasen,Sharp,2019-03-19,Male,White,"554 w 104th pl  palm bay, fl",32905,1837,50,,
4329,Sophia,Avery,Martinez,2017-10-22,Female,Latino,"313 s la peer dr  cooper cty, fl",33026,1899,51,,
4496,Riley,Emma,Ratliff,2018-10-22,Female,White,"127 violette st  jacksonville, fl",32219,1976,52,,
4725,Jayden,Isa,Salcedo,2018-12-02,Male,Latino,"1202 hundley dr nw  fort myers, fl",33919,2081,53,,
5069,Agustin,Liam,Hankins,2019-10-07,Male,Black,"3407 coeur d'alene drive gdfl pumpkin center, fl",34748,2232,54,,
5117,Jason,Lorenzo,Vance,2020-01-07,Male,White,"6580 n 73rd st  new pt richey, fl",34655,2247,55,,
5312,Elijah,Oliver,Murillo Terrazas,2016-09-29,Male,Latino,"1270 northland dv  longwood, fl",32750,2327,56,,
5316,Mateo,Thomas,Chang,2019-05-27,Male,Asian,"1929 7th stree south  clearwater, fl",33765,2328,57,,
5343,Wyatt,Noah,Sanchez-Delgado,2016-05-25,Male,Latino,"87 raymond hill rd  harbor palms, fl",33556,2338,58,,
5672,Maya,Ava,Loomis,2017-05-07,Female,White,"17577 pine ln  kendall, fl",33186,2476,59,,
5757,Noah,Sincere,Waddell,2017-12-05,Male,White,"1060 62nd ave s  tampa, fl",33605,2510,60,,
5773,Landon,Kenneth,Dayton,2018-04-04,Male,White,"846 monroe drive northeast  deltona, fl",32725,2516,61,,
5884,Odin,Landon,Peters,2015-09-03,Male,White,"9200 wystone ave  bonita springs, fl",34135,2564,62,,
5908,Kaitlyn,Renata,Pinchinat,2016-10-17,Female,Black,"1808 brothertown rd  jacksonville, fl",32258,2572,63,,
5931,Angely,Zuri,Drose,2018-08-13,Female,White,"2279 cr 180  saint augustine, fl",32086,2581,64,,
6047,Taylor,Henry,Dagostino,2016-09-30,Male,White,"562 onderdonk ave  north port, fl",34287,2621,65,,
6069,Preston,Salvador,Reed,2017-08-29,Male,White,"3331 covered wagon trl  jacksonville, fl",32218,2631,66,,
6203,Maverick,Diego,Sparrow,2016-10-04,Male,White,"5785 north tegner ro apt 107 l sunrise, fl",33351,2686,67,,
6298,Liliana,Clara,Mendoza,2016-12-30,Female,Latino,"3150 harvey ln  weston, fl",33327,2729,68,,
6379,Cherish,Anna,Huff,2018-07-18,Female,Black,"2123 walnut cr dr  altamonte springs, fl",32701,2758,69,,
6418,Kaiden,Kylian,Garcia,2016-09-07,Male,Latino,"13447 northeast san rafael stre unit no 059 coral springs, fl",33071,2774,70,,
6485,Kaiden,Zeus,Ortiz,2019-11-23,Male,Latino,"5275 white rd  jacksonville, fl",32210,2800,71,,
6551,Charlotte,Londyn,Cisneros,2017-12-07,Female,Latino,"9290 e thompson peak pkwy  st augustine, fl",32080,2834,72,,
6708,Madison,Anna,Sierra,2019-02-03,Female,Latino,"105 lloyds rd  middleburg, fl",32068,2894,73,,
6711,Gabriella,Madison,Jordan,2016-12-12,Female,White,"370 e first street apt num l ft lauderdale, fl",33308,2895,74,,
6791,Jaela,Gemma,Ring,2018-07-28,Female,White,"1322 red hawk cir  north palm beach, fl",33408,2930,75,,
6793,Scott,Landon,Hernandez Garcia,2019-01-10,Male,Latino,"1322 red hawk cir  north palm beach, fl",33408,2930,76,,
6885,Antonella,Julietta,Richmond,2019-01-13,Female,White,"1435 elm street  weston, fl",33326,2967,77,,
6888,Anthony,Landon,Rodriguez,2015-08-22,Male,Latino,"9 wood creek drive apt h lehigh acres, fl",33976,2968,78,,
6903,Gabriel,Elyas,Dawkins,2017-06-17,Male,Black,"3874 walnut ave  tamarac, fl",33319,2973,79,,
7084,Elliot,Cameron,Acosta Rodriguez,2016-08-26,Male,Latino,"9900 meteor dr  north port, fl",34288,3058,80,,
7136,Jack,Sebastian,Sanborn,2018-09-14,Male,White," oak tree ln  lakeland, fl",33809,3080,81,,
7141,Jeancarlos,Kaleb,Hidalgo Chaffee,2019-12-06,Male,Latino,"601 s merritt mill rd  riverview, fl",33596,3081,82,,
7200,Savannah,Olivia,Steele,2019-05-11,Female,White,"15620 ne 91st way  st. petersburg, fl",33707,3106,83,,
7240,Majesty,Clara,Tobar,2019-10-26,Female,Latino,"n55w 21701 adamdale drive  newberry, fl",32669,3125,84,,
7302,Leonardo,Benjamin,Harbold,2016-01-01,Male,White,"840 n 24th st  largo, fl",33777,3152,85,,
7374,Mateo,Noah,Davis,2017-08-29,Male,White,"123 burgess ln  jensen beach, fl",34957,3178,86,,
7398,Jayden,Landon,Nisly,2018-10-07,Male,White,"4713 spatz ave  lehigh acres, fl",33971,3191,87,,
7584,Oscar,Leo,Rayo,2018-10-11,Male,Latino,"10 brookletts ave  maitland, fl",32751,3270,88,,
7595,Samuel,Jacob,Mcdaniel,2019-07-24,Male,White,"1420 indian springs rd  lakeland, fl",33809,3274,89,,
7756,Johnnie,Liam,Wooley,2017-11-07,Male,Black,"3818 spice st  spring hill, fl",34609,3342,90,,
7803,Jose,Kevin,Tanguma,2017-05-20,Male,Latino,"84 emery rd  indian harbour beach, fl",32937,3360,91,,
7814,Janiyah,Julia,Sin,2018-11-27,Female,Multiracial or Other,"2903 thorn st  hollywood, fl",33021,3366,92,,
7819,Kelsey,Audrey,Moreland,2020-02-23,Female,Black,"240 hillsboro st  largo, fl",33708,3367,93,,
7891,Maxine,Emma,Miranda,2019-04-06,Female,Latino,"23 van dyke rd  lehigh acres, fl",33936,3391,94,,
8036,Milan,Oliver,Flick,2019-10-23,Male,White,"2250 peterson rd  hollywood, fl",33019,3453,95,,
8047,Heriberto,Kaleb,Lopez Roman,2016-07-01,Male,Latino,"29 purtell avenu  collins park estates, fl",34950,3456,96,,
8098,Alice,Ava,Turner,2019-12-18,Female,White,"1028 triumphant st  north port, fl",33981,3478,97,,
8144,Annabella,Rebekah,Boley,2017-05-01,Female,White,"2607 s 13th st  estero, fl",33928,3502,98,,
8198,Nicholas,Aiden,Martin,2015-04-12,Male,Latino,"6112 teaberry wy  rockledge, fl",32955,3522,99,,
8234,Gabriel,Landon,Bautista,2017-08-05,Male,Latino,"376 bay rd  apopka, fl",32712,3532,100,,
8366,Kylie,Arielle,Malone,2017-08-20,Female,White,"716 corbin st  miami beach, fl",33145,3585,101,,
8370,Madison,Audrey,Edwards,2019-05-26,Female,Black,"318 west prospect avnu  boynton beach, fl",33435,3586,102,,
8375,Dale,Messiah,Osorio,2017-07-19,Male,Latino,"8828 champions way  bonita spgs, fl",34134,3588,103,,
8385,Ian,Logan,Troxler,2019-02-11,Male,Black,"13300 e via linda  sarasota, fl",34231,3592,104,,
8459,Ruby,Ella,Jackson,2019-03-14,Female,Black,"8096 queen palm ln 218  jacksonville, fl",32258,3626,105,,
8649,Ethan,Angelo,Geddes,2018-06-06,Male,White,"15152 saint charles street ap # 101 lauderdale by the sea, fl",33062,3708,106,,
8670,Skyler,Kennedy,Beaufort,2019-05-25,Female,Black,"518 hyde park raod  weston, fl",33331,3718,107,,
8687,Charlotte,Ariella,Jones,2018-06-21,Female,Black,"525 scenic rnch cir  ft myers, fl",33913,3721,108,,
8723,Mackenzie,Victoria,Roney,2019-09-19,Female,White,"2796 pond place  weston, fl",33327,3735,109,,
8792,Isaiah,Jameson,Coleman,2018-05-18,Male,Black,"28416 denise st  lehigh acres, fl",33974,3758,110,,
8819,Isaiah,Ashton,Rosales,2020-03-16,Male,Latino,"3126 forest ave  plantation, fl",33317,3771,111,,
8909,Francesca,Alondra,Gillett,2017-02-20,Female,Black,"501 plumosa ave  ft myers, fl",33919,3806,112,,
8910,Isaac,Cian,Shay,2018-04-03,Male,Black,"501 plumosa ave  ft myers, fl",33919,3806,113,,
9025,Hunter,Ethan,Klug,2016-04-25,Male,White,"403 south 15th stre  winter springs, fl",32708,3853,114,,
9030,Noah,Vincent,Ta,2018-11-24,Male,Asian,"438 w evanston cir  melbourne beach, fl",32951,3854,115,,
9066,Charlotte,Parker,Schliep,2019-08-15,Female,Multiracial or Other,"19037 106th ave se  sanibel, fl",33957,3868,116,,
9115,Layla,Harper,Ruiz,2015-09-09,Female,Latino,"477 preston cr  lehigh acres, fl",33971,3886,117,,
9117,Cheyanne,Sage,Ochoa Lagunas,2019-11-28,Female,Latino,"477 preston cr  lehigh acres, fl",33971,3886,118,,
9137,Kobe,Nash,Brigman,2019-08-06,Male,White,"691 e hemp st  pensacola, fl",32526,3893,119,,
9211,Madelyn,Charlotte,Smith-Mendosa,2017-11-06,Female,Latino,"4534 olive stree  destin, fl",32541,3927,120,,
9253,Ariya,Alyson,Cruz,2018-12-21,Female,Latino,"4907 sinclair lane  live oak, fl",32060,3946,121,,
9269,Henry,Danny,Lopez Sanchez,2016-05-20,Male,Latino,"1015 ca allegre  kendall, fl",33175,3952,122,,
9287,Aliyah,Amira,Karr,2018-06-25,Female,White,"22 altamont street  kendall, fl",33176,3958,123,,
9543,Amy,Journee,Velasquez,2019-05-29,Female,Latino,"2545 se 21st ave  venice, fl",34292,4062,124,,
9689,Noah,Atlas,Mcintire,2020-02-27,Male,White,"11 greenway circle  wst palm beach, fl",33407,4127,125,,
9774,Penelope,Ella,Elliott,2018-12-27,Female,White,"412 rdge avnue  unincorporated, fl",32839,4160,126,,
9777,Penelope,Victoria,Wright,2019-11-07,Female,White,"412 rdge avnue  unincorporated, fl",32839,4160,127,,
9789,Maverick,Mason,Peper,2016-11-14,Male,White,"54 columbia street  stuart, fl",34997,4163,128,,
9886,Anna,Aliza,Spencer,2018-12-27,Female,White,"1681 250th avn  north port, fl",34286,4209,129,,
9908,Levi,Britton,Trenado Gama,2017-01-24,Male,Latino,"274 hampton rdg ct  indian lake estates, fl",33855,4217,130,,
9940,Amelia,Alaya,Miah,2018-10-05,Female,Asian,"2035 chalice wy  cape coral, fl",33993,4230,131,,
10071,Amelia,Liana,Marks,2019-07-23,Female,White,"8212 spring ridge dr  jacksonville, fl",32223,4285,132,,
10172,Josie,Mia,Warner,2018-09-19,Female,White,"226 cherry st  ft lauderdale, fl",33311,4334,133,,
10180,Serenity,Rose,Fahnbulleh,2018-09-14,Female,Black,"4071 daniels raod  sneads, fl",32460,4338,134,,
10190,Malakhi,Artemio,Vasquez,2018-08-13,Male,Latino,"2258 shoma dr  largo, fl",33782,4341,135,,
10237,Adelina,Ava,Stubblefield,2017-02-28,Female,Black,"302 w cottonwood st  unincorporated, fl",33411,4361,136,,
10449,Landon,Fisher,Hying,2017-11-24,Male,White,"509 se peterson dr  melbourne, fl",32940,4450,137,,
10450,Angelica,Phoebe,Elston,2019-12-25,Female,White,"509 se peterson dr  melbourne, fl",32940,4450,138,,
10486,Miles,Blake,Marquez,2018-11-19,Male,Latino,"139 cooper avenue  tampa, fl",33611,4465,139,,
10564,Jaliyah,Kaylani,Andrade,2019-03-01,Female,Latino,"930 nw 20th ave  jacksonville, fl",32225,4493,140,,
10586,Jonathan,Liam,Young,2019-04-16,Male,Multiracial or Other,"688 boston post rd  kendall, fl",33146,4500,141,,
10696,Majesty,Amir,Koshi,2020-03-06,Male,Asian,"2225 aitken ave  unincorporated, fl",33412,4552,142,,
10731,Willa,Jaylene,Gilpin,2019-01-08,Female,White,"100 cherry acres dr  spring hill, fl",34608,4567,143,,
10797,Jesus,Timothy,Diaz,2018-09-09,Male,Latino,"224 blodgett vw dr  palmetto, fl",34221,4601,144,,
10899,Levi,Gianluca,Price,2018-05-22,Male,Black," southwest 187th drive  bristol, fl",32321,4644,145,,
11002,Alanys,Kennedy,Londono,2018-09-05,Female,Latino,"4715 bennett rd  carrabelle, fl",32323,4693,146,,
11076,Dylan,Elijah,Bunch,2019-02-06,Male,White,"132 everglade dr  palm coast, fl",32164,4720,147,,
11312,Ismael,Isaac,Diaz,2016-01-23,Male,White,"2141 e bellerive pl  auburndale, fl",33823,4824,148,,
11370,Evelynn,Violeta,Chaires,2017-05-31,Female,Latino,"5042 jaysville-st johns rd  kissimmee, fl",34743,4848,149,,
11391,Jose,Benjamin,Banks,2017-04-02,Male,Black,"2030 east 218th place  unincorporated, fl",34787,4857,150,,
11409,Mariana,Esmae,Javier,2017-06-09,Female,Latino,"14430 sw mcfarland blvd  orlando, fl",32835,4862,151,,
11434,Annabelle,Corina,Estes,2019-12-02,Female,White,"3205 s hawthorne ave  gables by the sea, fl",33032,4872,152,,
11496,Brock,Yandel,Valdez,2016-03-20,Male,Latino,"2649 s 800 e  jacksonville, fl",32256,4899,153,,
11839,Willow,Emma,Bryant,2019-04-09,Female,White,"6648 n 17th st  panama city, fl",32405,5059,154,,
11893,Angelina,Isabella,Lopez Lima,2017-07-23,Female,Latino,"1219 southeast marla pla lot 39 west palm beach, fl",33401,5084,155,,
11903,Aniston,Arya,Mixon,2019-12-26,Female,Black,"25554 sandy knoll blvd  gainesville, fl",32641,5088,156,,
11916,Noah,Axel,Keel,2017-12-15,Male,White,"204 horseshoe crt  st. petersburg, fl",33715,5094,157,,
11979,Khalani,Naomi,Mateo,2019-10-16,Female,Latino,"22473 brick rd  st. petersburg, fl",33713,5120,158,,
12003,Elliot,Josue,Martinez,2019-04-11,Male,Latino,"1511 jerry ln  niceville, fl",32578,5127,159,,
12088,Lia,Flor,Summerville,2019-08-08,Female,Black,"2533 river run rd  largo, fl",33778,5161,160,,
12205,Brantley,Isaiah,Ruppel,2015-11-18,Male,White,"1015 edison ln  pensacola, fl",32514,5214,161,,
12335,Maddox,Jonah,Rizvi,2016-06-16,Male,White,"1014 la sombra drive apt 201 st. petersburg, fl",33709,5262,162,,
12522,Freya,Zara,Spear,2018-09-04,Female,White,"7732 colonial cir  lake land, fl",33813,5343,163,,
12599,Samira,Stella,Duran,2017-09-06,Female,Latino,"115 woodland ave  ocala, fl",34472,5375,164,,
12611,Jack,Darren,Wilson,2019-08-26,Male,Black,"267 dale ave  sanford, fl",32773,5379,165,,
12742,Gemma,Alice,Hansen,2019-01-27,Female,White,"2 parkway court  punta gorda, fl",33955,5441,166,,
12807,Jose,Marcel,Mendez,2015-05-30,Male,Latino,"2308 standridge avenue east  oviedo, fl",32765,5468,167,,
12918,Finley,Ivanka,Webb,2018-02-12,Female,Black,"131 s main st  palm beach gardens, fl",33418,5519,168,,
12956,Ailani,Hafsa,Thomas,2018-01-21,Female,Multiracial or Other,"818 coolidge ave  seven springs, fl",34689,5538,169,,
12979,Adriana,Addyson,Chavez,2015-08-10,Female,Latino,"6754 southeast johnson street aptmnt # 102 pt charlotte, fl",33954,5548,170,,
13098,Elliot,Valeria,Vega,2015-04-09,Female,Latino,"6690 lakeway  lakeland, fl",33801,5598,171,,
13099,Kamila,Adaline,Rosas Gutierrez,2018-03-10,Female,Latino,"6690 lakeway  lakeland, fl",33801,5598,172,,
13111,Kian,Xavier,Glockzin,2019-07-18,Male,White,"6329 st andrews cir s  jacksonville beach, fl",32250,5603,173,,
13233,Kamyla,Keira,Herod,2016-12-01,Female,White,"1639 e 3rd aven  melbourne, fl",32901,5654,174,,
13236,Raelyn,Makenzie,Hennessy,2019-05-28,Female,Asian,"1724 jack frost road apartment no 504 jacksonville, fl",32220,5655,175,,
13406,Zayne,Ryan,Herrera Lovato,2018-05-24,Male,Latino,"230 grove ln  orlando, fl",32807,5725,176,,
13433,Briella,Ariana,Panciera,2019-06-27,Female,Multiracial or Other,"1216 e academy street  weston, fl",33332,5735,177,,
13604,Aaliyah,India,Hughes,2020-01-22,Female,White,"5424 s 18th street  alachua, fl",32615,5802,178,,
13764,Cole,Adrian,Leyva,2016-06-24,Male,Latino,"121 riverside avenue  welaka, fl",32193,5875,179,,
13791,Finley,Kaiden,Diaz,2016-12-27,Male,Latino,"2204 jackson pike  casselberry, fl",32707,5890,180,,
13928,Maria,Blakely,Feasby,2016-06-25,Female,White,"166 vanderbilt avenue  lehigh acres, fl",33971,5942,181,,
14299,Leon,Logan,Jeremiah,2016-05-28,Male,Black,"5 crescent ky  minneola, fl",34715,6110,182,,
14458,Abel,Mathias,Nelligan,2017-05-17,Male,White,"17991 sterling hwy  the vlgs, fl",32163,6175,183,,
14594,Isabelle,Melania,Valerio,2019-04-04,Female,Latino,"6720 park blvd n  titusville, fl",32780,6230,184,,
14623,Luca,August,Maciel,2019-01-30,Male,Latino,"200 nichols blvd  jensen beach, fl",34957,6245,185,,
14674,Messiah,Levi,Delgadillo,2017-04-19,Male,Latino,"748 west college street  kendall, fl",33175,6267,186,,
14897,Audriana,Abigail,Theis,2015-04-19,Female,White,"2618 broadway  estero, fl",33928,6368,187,,
14914,Jayleen,Christelle,Brown,2016-07-14,Female,Black,"4933 sw 9th pl  gainesville, fl",32607,6373,188,,
15006,Ari,Mia,Norwood,2019-10-13,Female,Black,"1639 warfield ave  hialeah, fl",33054,6414,189,,
15023,Samantha,Adelyn,Ornelas,2016-09-09,Female,Latino,"201 wyckoff avn unit 4 miami beach, fl",33141,6419,190,,
15041,Kamden,Ethan,Gebru,2019-10-12,Male,Multiracial or Other,"18 princeton d  south port, fl",34759,6427,191,,
15103,Jamilah,Londyn,Thomas,2020-02-17,Female,White,"9814 hayes  panama city, fl",32405,6450,192,,
15140,Lennon,Alyssa,Fuselier,2018-09-13,Female,Black,"3603 washington blvd  cocoa, fl",32927,6467,193,,
15345,Milah,Ava,Boothman,2020-01-01,Female,White,"1239 sw 23rd st  lakeland, fl",33811,6551,194,,
15382,Malakai,Malakai,Parker,2019-09-19,Male,White,"25520 st rte 180  brooksville, fl",34601,6569,195,,
15427,Alice,Allie,Wiggins,2015-04-03,Female,Black,"119 cash ln  pembroke pines, fl",33027,6591,196,,
15568,Legend,Ryan,Landry,2018-03-16,Male,White,"20778 w forest vw dr  kissimmee, fl",34747,6651,197,,
15655,Aarav,Jaxson,Hayes,2020-02-25,Male,Black,"8041 chalet place  panama city beach, fl",32408,6683,198,,
15976,Tyson,Nolan,Hernandez Campos,2018-01-12,Male,Latino,"7940 se hawthorne blvd  sarasota, fl",34234,6811,199,,
15992,Raelynn,Cali,Lopezcarrillo,2019-01-22,Female,Latino,"778 b st  e palatka, fl",32131,6817,200,,
15999,Isaiah,Jaxson,Pringle,2016-10-13,Male,Black,"342 80th street  merritt island, fl",32953,6819,201,,
16035,Lily,Landyn,Medina,2016-10-25,Female,Latino,"16 settler's path  port saint lucie, fl",34984,6835,202,,
16144,Ken,Tyler,Forman,2017-10-29,Male,White,"636 cheese factory road  orlando, fl",32806,6882,203,,
16456,Angel,Luke,Alba-Hernandez,2018-10-23,Male,Latino,"11350 ne 38th ave  cape coral, fl",33993,7006,204,,
16483,Kristian,Michael,Salazar,2017-06-20,Male,Latino,"20221 monrovia rd  punta gorda, fl",33955,7017,205,,
16500,Elliott,Isaiah,Charest,2019-12-31,Male,White,"2079 old kings highway  bradenton, fl",34208,7023,206,,
16517,Zoe,Kylie,Bryant,2019-11-22,Female,White,"110 n aberdeen cir  unincorporated, fl",33436,7029,207,,
16590,Denis,Pierce,Smith,2019-09-06,Male,Black,"743 sumt square dr  weeki wachee, fl",34613,7058,208,,
16619,Skylar,Isla,Barnes,2017-06-26,Female,White,"21 bittern dr  winter haven, fl",33881,7073,209,,
16628,Kattaleia,Joanna,Melenciano,2017-07-18,Female,Latino,"6826 s 58th ave  brooksville, fl",34604,7076,210,,
16735,Nicholas,Javier,Stone,2015-09-13,Male,White,"505 w university ave  haines city, fl",33844,7122,211,,
16753,Mark,Jayden,Rhodes,2016-04-26,Male,Black,"102 altamahaw ave  the villages, fl",32162,7129,212,,
16813,Jasper,Jacob,Incantalupo,2019-08-09,Male,White,"288 e portage rd  fernandina beach, fl",32034,7156,213,,
16861,Reagan,Kenzie,Laprairie,2016-12-17,Female,White,"4512 n hansa pl  temple terrace, fl",33617,7174,214,,
16862,Violet,Julia,Cook,2016-04-24,Female,White,"4512 n hansa pl  temple terrace, fl",33617,7174,215,,
16890,Jackson,Joseph,Head,2015-09-30,Male,Black,"2940 dalebrook st  dalhousie-acres, fl",32778,7188,216,,
16980,Isabella,Jayda,Reyes,2016-01-21,Female,Latino,"2001 sw beauregard st  moore haven, fl",33471,7226,217,,
17029,Freyja,Mabel,Ault,2017-05-28,Female,White," jefferson chemical rd  ocala, fl",34475,7248,218,,
17226,Deshawn,Elias,Higgins,2017-04-06,Male,White,"10704 lithia pinecrest rd  wesley chapel, fl",33543,7325,219,,
17232,Maci,Madelyn,Geraghty,2016-10-13,Female,White,"535 mavis dr  fort myers, fl",33908,7327,220,,
17233,Sebastian,Luke,Bickett,2018-11-20,Male,White,"535 mavis dr  fort myers, fl",33908,7327,221,,
17255,Remington,Jaxon,Moccia,2017-11-03,Male,White,"3833 w lake sammamish pkwy se  winter haven, fl",33884,7337,222,,
17279,Raheem,Benjamin,Kelly,2017-04-24,Male,White,"23 appleton road  plantation, fl",33317,7346,223,,
17304,Jakyla,Chelsea,Keller,2019-01-25,Female,White,"12625 w cameron ave  st. petersburg, fl",33709,7355,224,,
17335,Khyrie,Riley,Ross,2017-05-05,Male,White,"742 e king ave  pensacola, fl",32534,7367,225,,
17342,Jaxon,Avery,Shipman,2019-09-02,Male,White,"154 e garnet ave  fort myers, fl",33912,7370,226,,
17397,Josiah,Isaiah,Chavez,2016-12-24,Male,Latino,"1939 lincoln dr  boynton beach, fl",33436,7390,227,,
17420,Aubrey,Jaylen,Fiegener,2016-07-25,Female,White,"7830 84th ln sw  sunrise, fl",33322,7402,228,,
17530,Kylie,Malani,Smalls,2018-04-25,Female,Black,"7702 brabham way  jacksonville, fl",32209,7450,229,,
17534,Ayesha,Clementine,Meas,2019-03-01,Female,Black,"2519 dennis ave  lutz, fl",33559,7452,230,,
17564,Saige,Iris,Brown,2018-12-27,Female,Black,"6396 thunderhead tr  jacksonville, fl",32210,7465,231,,
17579,Daxton,Jaheem,Webb,2019-12-20,Male,White,"106 e roberts ln  kendall, fl",33173,7471,232,,
17926,Riley,Blakely,Mcgill,2018-04-09,Female,White,"309 lake osiris road  port charlotte, fl",33952,7635,233,,
17936,Kayden,Dash,Graham,2015-09-10,Male,Black,"216 strangi avenue  jacksonville, fl",32258,7641,234,,
17937,Deanna,Birdie,Marlowe,2019-10-18,Female,Black,"216 strangi avenue  jacksonville, fl",32258,7641,235,,
18043,Ariana,Cheyanne,Alexander,2015-08-20,Female,White,"3504 brenden ct  trenton, fl",32693,7679,236,,
18069,Iris,Valentina,Atkinson,2019-06-21,Female,Black,"7550 s camino bello  wst palm beach, fl",33411,7689,237,,
18102,Miguel,Oliver,Robinson,2017-05-21,Male,White,"1409 jessie ave  unincorporated, fl",33437,7704,238,,
18151,Enzo,Benton,Stockburger,2019-05-28,Male,White,"399 shady grove rd  davie, fl",33324,7725,239,,
18180,Violet,Lexi,Martinez,2017-11-14,Female,Latino,"2909 songbird dr  jacksonville, fl",32206,7737,240,,
18199,Michael,Joseph,Head,2017-01-03,Male,White,"9809 conservation dr  riverview, fl",33569,7747,241,,
18238,Melanie,Gabriella,Jimenez,2019-01-01,Female,Latino,"3750 franklin blvd  north port, fl",34286,7766,242,,
18455,Madison,Mckenzie,Huertas,2015-08-10,Female,Latino,"1955 empire boulevard  estero, fl",33928,7855,243,,
18484,Carmela,Alaia,Silva,2019-05-12,Female,Latino,"205 sandy ln  unincorporated, fl",33408,7867,244,,
18502,Hailey,Royalty,Alfaro,2019-10-13,Female,Latino,"727 north 90th street  venice, fl",34285,7872,245,,
18523,Christopher,Jeshua,Hunt,2019-09-01,Male,Black,"1560 whittier avnu  kendall, fl",33156,7883,246,,
18823,Tyson,Boden,Oakley,2018-04-01,Male,White,"18179 ponderosa ct  englewood, fl",33946,8006,247,,
18975,Caleb,Edward,Mcqueen,2017-12-25,Male,Black,"2018 grinstead drive apt 524 melbourne, fl",32940,8070,248,,
19039,Emma,Amalia,Lyle,2018-10-31,Female,Black,"1075 grimes bridge road  unincorporated, fl",33437,8100,249,,
19040,Lily,Stella,Butler,2019-06-19,Female,Black,"1075 grimes bridge road  unincorporated, fl",33437,8100,250,,
19095,Giada,Riley,Mcgrady,2015-10-30,Female,White,"2305 n ocotillo ln  weeki wachee, fl",34613,8122,251,,
19098,Theodore,Nicholas,Swallow,2019-12-28,Male,White,"2305 n ocotillo ln  weeki wachee, fl",34613,8122,252,,
19172,Evan,Steve,Fabregas,2018-07-10,Male,Latino,"2808 blanche dr  ocala, fl",34482,8154,253,,
19580,Aria,Mayah,Miller,2017-08-17,Female,White,"2037 southwest high avenue  deltona, fl",32725,8321,254,,
19617,Valentina,Leena,Robinson,2018-04-08,Female,Black,"143-44 37 avenue  spring hill, fl",34606,8330,255,,
19733,Raelynn,Kennedi,Ocampo,2018-01-01,Female,Latino,"30994 dover  riverview, fl",33619,8375,256,,
19842,Nicholas,Asher,Perez,2016-04-16,Male,Latino,"950 north sharon avenue apt 1 c largo, fl",33778,8423,257,,
19857,Laura,Krystal,Villanueva,2015-07-27,Female,Latino,"18670 highway 263  harmony, fl",34771,8427,258,,
19896,Delilah,Yaneli,Bragg,2015-12-28,Female,Black,"3584 utica dr  ocala, fl",34474,8444,259,,
19917,Ellie,Emersyn,Jordan,2020-02-03,Female,Black,"37237 agar dr  ft myers beach, fl",33931,8452,260,,
19929,Valeria,Lily,Jones,2019-12-08,Female,White,"1814 andrews frm rd  lake mary, fl",32746,8458,261,,
20021,Jack,Gerald,Dean,2019-11-23,Male,White,"5415 skunk lane  kissimmee, fl",34744,8500,262,,
20095,Brooklyn,Alexandra,Martinez,2017-06-12,Female,Latino,"90 annandale rd  pompano beach, fl",33060,8531,263,,
20255,Zion,Bo,Jewell,2017-02-08,Male,White,"8317 michener ave  lake mary, fl",32746,8605,264,,
20408,Jaxson,Kameron,Charles,2017-07-10,Male,Black,"684 n 2nd ave  ft myers, fl",33913,8659,265,,
20441,Zoe,Leora,Rigsbee,2019-11-25,Female,White,"1923 smith st  lehigh acres, fl",33976,8674,266,,
20472,Kinley,Delilah,Keighley,2018-07-30,Female,White,"792 e sandhill ct  norh fort myers, fl",33903,8686,267,,
20565,Edward,Alden,Hickey,2015-05-18,Male,White,"400 n redfield st  sarasota, fl",34326,8729,268,,
20577,Oliver,Damian,Cole,2018-06-09,Male,White,"1105 sandpiper wy apt no 41 jacksonville, fl",32216,8732,269,,
20586,Salem,Skylar,Andrade,2016-04-27,Female,Latino,"13940 n 96th st  punta gorda, fl",33983,8736,270,,
20727,Ethan,Tristan,Scott,2016-08-19,Male,Black,"2822 daneland st  palm bay, fl",32905,8791,271,,
20770,Victoria,Nia,Godinez,2018-08-24,Female,Latino,"3456 ne pacific st  lehigh acres, fl",33971,8804,272,,
20782,Bryan,Blaze,Bejerano,2017-04-02,Male,Latino,"343 lewis blvd se  lake clarke shores, fl",33406,8809,273,,
20958,Carlos,Maddox,Sheffey,2015-08-17,Male,Multiracial or Other,"1441 grove st  lakeland, fl",33805,8876,274,,
21091,Maria,Summer,Lindsey,2019-08-30,Female,Black,"10722 5th avenue northwest number 1 pt saint lucie, fl",34953,8931,275,,
21277,Yahir,Mason,Martinez,2019-04-21,Male,Latino,"116 mock cr  riverview, fl",33578,9006,276,,
21308,Easton,Yael,Mendoza,2017-02-19,Male,Latino,"19401 hemmingway st  jacksonville, fl",32225,9021,277,,
21565,Aaliyah,Ariela,Rifkin,2019-12-15,Female,White,"1543 briarfield road  jacksonville, fl",32221,9133,278,,
21607,Andrea,Samiya,Taber,2019-01-28,Female,White,"10 e washington st  hialeah, fl",33169,9154,279,,
21735,Lylah,Jocelyn,Price,2018-03-12,Female,White,"131 garnet dr  palm bay, fl",32908,9211,280,,
21796,Dylan,Zachary,Kent,2017-12-13,Male,White,"1002 prospect ave  port saint lucie, fl",34953,9237,281,,
21862,Nirvana,Grace,Mccollum,2015-11-30,Female,Asian,"14817 portland avenue south  unincorporated, fl",32812,9265,282,,
21953,Jose,Aston,Adams,2018-11-04,Male,Black,"18306 ridgefield rd nw  jacksonville, fl",32257,9307,283,,
21970,Stella,Adaline,Minter,2015-08-18,Female,Black,"944 quarry prk dr  kendall, fl",33143,9315,284,,
21989,Alessandra,Amiyah,Martinez,2018-06-16,Female,Latino,"27 tudor ave  gulf resort beach, fl",32413,9321,285,,
21990,Rosalia,Milania,Tolentino,2018-06-13,Female,Latino,"27 tudor ave  gulf resort beach, fl",32413,9321,286,,
22048,Natalie,Sirena,Chambers,2015-07-07,Female,White,"405 nw uptown ter  sarasota, fl",34234,9344,287,,
22056,Kaleah,Mila,Bontempi,2018-04-16,Female,White,"10416 miles ln  pensacola, fl",32504,9347,288,,
22226,Caleb,Noah,Verduzco,2018-12-08,Male,Latino,"246 state st  orlando, fl",32812,9417,289,,
22305,Isaiah,Victor,Gandara,2016-02-15,Male,Latino,"1157 terrace lake dr  north fort myers, fl",33917,9457,290,,
22372,Jude,Jaxen,Pulu,2017-04-02,Male,White,"1812 s j st  jacksonville, fl",32202,9488,291,,
22629,Matthew,Fernando,Florez-Paz,2017-10-25,Male,Latino,"20 brk street  miami beach, fl",33138,9604,292,,
22760,Sebastian,Jase,Castillo,2016-06-05,Male,Latino,"885 n 21 st  longwood, fl",32779,9655,293,,
22923,Ashley,Cora,Garcia,2016-05-02,Female,Latino,"145 yellowbell rd  boynton beach, fl",33436,9722,294,,
22924,Waylon,Rowan,Garcia,2018-10-15,Male,Latino,"145 yellowbell rd  boynton beach, fl",33436,9722,295,,
23048,Naliyah,Simone,Velasco,2016-02-25,Female,Latino,"1266 willow grove drive  orlando, fl",32829,9775,296,,
23126,Alani,Jhene,Sanders,2019-03-09,Female,Black,"1003 w gray st  alachua, fl",32615,9808,297,,
23127,Nyla,Alayah,Teetzel,2019-06-12,Female,Black,"1003 w gray st  alachua, fl",32615,9808,298,,
23158,Jarrell,Dhruv,Brooks,2018-08-09,Male,White,"3841 a 23rd avenue west  blue lakes ridge, fl",32702,9822,299,,
23159,Sarina,Niomi,Snyder,2019-12-09,Female,White,"3841 a 23rd avenue west  blue lakes ridge, fl",32702,9822,300,,
23284,Harris,Deonte,Ouma,2020-03-17,Male,Black,"2662 tranquila ln  fort myers, fl",33908,9876,301,,
23298,Kylie,Valeria,Ruffin,2018-10-24,Female,Black,"2509 moyers rd  estero, fl",33928,9880,302,,
23481,Dax,Jayden,Pargo,2019-08-08,Male,Black,"560 norte 195th dve  st. petersburg, fl",33701,9961,303,,
23598,Phillip,Liam,Donaldson,2019-11-10,Male,Black,"20919 roseton ave  ocoee, fl",34761,10016,304,,
23617,Jordan,Russell,Parker,2017-10-05,Male,White,"1160 delta wy  coral springs, fl",33071,10022,305,,
23712,Kaison,Logan,Sanchez-Guzman,2019-01-19,Male,Latino,"11330 110th ct n  jacksonville, fl",32256,10063,306,,
23881,Demarco,Isaiah,Klein,2016-12-13,Male,White,"3825 n center rd  unincorporated, fl",32825,10133,307,,
24009,Jeremiah,Victor,Laforest,2017-06-22,Male,Black," e washington st  neptune beach, fl",32266,10184,308,,
24072,Kai,Lucian,Navarrette,2019-07-01,Male,Latino,"3315 stoneway dr w  webster, fl",33597,10207,309,,
24153,Nya,Stella,Garza,2019-04-12,Female,Latino,"26035 sw wolsborn ave  sarasota, fl",34231,10243,310,,
24172,Hazel,Mariah,Cox,2020-02-12,Female,White,"3037 frisby st  riverview, fl",33578,10249,311,,
24226,Rosalina,Hannah,Wall,2018-01-23,Female,Black,"4803 ashurst st  jacksonville, fl",32206,10271,312,,
24227,Devonte,Christian,Mcquiller,2019-06-20,Male,Black,"4803 ashurst st  jacksonville, fl",32206,10271,313,,
24260,Juliette,Fabiana,Thorn,2019-09-13,Female,White,"4334 lakewood blvd  winter haven, fl",33880,10281,314,,
24347,Warren,Lucas,Griese,2017-12-28,Male,White,"1541 e sierra st  unincorporated, fl",32825,10318,315,,
24357,Hadlee,Indira,Butler,2015-08-28,Female,Black,"1612 so shelby street # 514 bradenton, fl",34208,10321,316,,
24510,Iliana,Leila,Jimenez,2016-05-27,Female,Latino,"8711 buckhorn st  vero beach, fl",32960,10386,317,,
24577,Journey,Arie,Jones,2017-03-19,Female,Black,"1009 linden ave  orange pk, fl",32065,10412,318,,
24905,Diego,Mikhail,Barber,2018-09-03,Male,White,"1001 11th avenue  hialeah, fl",33056,10554,319,,
25029,Felipe,Lucas,Garza,2016-04-19,Male,Latino,"500 n thacker ave  cocoa, fl",32922,10611,320,,
25162,Ronald,Leonardo,Ervin,2017-04-12,Male,Black,"611 5th str  ft myers, fl",33908,10667,321,,
25196,Lina,Emma,Geddes,2017-10-11,Female,White,"69-10 68 plc  jacksonville, fl",32223,10682,322,,
25516,Omar,Akim,Meggett,2015-06-10,Male,Black,"9311 hi view lane  st. petersburg, fl",33712,10812,323,,
25517,Adrian,Parker,Goss,2016-04-15,Male,Black,"9311 hi view lane  st. petersburg, fl",33712,10812,324,,
25596,Joshua,Jahmari,Crostic,2019-11-13,Male,White,"208 great marsh roa  cape coral, fl",33914,10845,325,,
25663,Simone,Lyla,Christensen,2019-02-23,Female,Multiracial or Other,"106 george ellis pt  macclenny, fl",32063,10874,326,,
25880,Mavrick,Kieran,Miller,2018-05-30,Male,Multiracial or Other,"265 forest dr  homestead, fl",33033,10974,327,,
26252,Amelia,Eliza,Hernandes,2019-04-08,Female,Latino,"2506 e allen st  clearwater, fl",33765,11130,328,,
26345,Kayley,Kaila,Reyes,2019-12-30,Female,Latino,"2841 birch road  unincorporated, fl",33433,11168,329,,
26420,Thomas,Eli,Waters,2019-09-28,Male,Black,"650 9th ave south west  jacksonville, fl",32216,11197,330,,
26505,Imani,Lilyrose,Lentz,2019-02-24,Female,White,"1017 mnr road  hialeah, fl",33169,11235,331,,
26593,Elizabeth,Josie,Hogue,2016-08-18,Female,White,"19 gardiner st  edgewater, fl",32132,11269,332,,
26668,Jewel,Rose,Harris,2019-08-22,Female,White,"2030 n westmoreland st  odessa, fl",33556,11298,333,,
26788,Mia,Kyndall,Infinger,2016-01-06,Female,White,"10669 e dry springs st  prt charlotte, fl",33948,11349,334,,
26896,Dexter,Noah,Spade,2019-06-08,Male,White,"18523 wawona drive  unincorporated, fl",33436,11388,335,,
27081,Angela,Leilani,Murphy,2015-09-19,Female,White,"383 copper hill dr  cape coral, fl",33993,11463,336,,
27122,Elias,Adam,Taylor,2020-02-25,Male,White,"2225 braeburn edr  satsuma, fl",32189,11485,337,,
27175,Logan,Levi,Brandl,2017-02-01,Male,White,"12007 north cedar drive  deerfield beach, fl",33442,11511,338,,
27309,Ethan,Greyson,Span,2018-04-02,Male,Black,"609 se 47th loop  orlando, fl",32822,11563,339,,
27319,Tamiya,Brielle,Lewis,2016-02-26,Female,Latino,"2203 waterview cir  lehigh acres, fl",33976,11567,340,,
27396,Blake,Adina,Nappi,2019-04-12,Female,White,"1396 jefferson dr  kissimmee, fl",34741,11597,341,,
27492,Laith,Blaine,Boyer,2018-05-10,Male,Black,"3803 kemper st  lutz, fl",33625,11635,342,,
27510,Jayce,Nathan,Pembleton,2015-09-08,Male,Black," cecil b moore avenu  jacksonville, fl",32244,11640,343,,
27780,Skylar,Kimberly,Lowe,2016-09-13,Female,Multiracial or Other," archibald ave  weston, fl",33326,11760,344,,
27924,Sebastian,Kevin,Vera,2020-03-01,Male,Latino,"18 saundra dr  palm beach gardens, fl",33410,11815,345,,
27942,Sage,Areli,Bergman,2018-03-25,Female,White,"6135 andwood st  fort myers, fl",33907,11822,346,,
27947,Liam,Patrick,Tilton,2016-06-17,Male,White,"78621 eva mae rd  lake worth, fl",33460,11824,347,,
28005,Jessica,Naylah,Sandhu,2018-03-07,Female,Asian," reese dr  south palm beach, fl",33480,11850,348,,
28061,Emma,Ainhoa,Naquin,2019-04-25,Female,White,"156 glades rd  unincorporated, fl",33446,11874,349,,
28096,Michael,Nixon,Albright,2017-08-08,Male,Multiracial or Other,"920 southwest maplecrest court apartment d 004 titusville, fl",32780,11887,350,,
28166,John,Maxwell,Velez,2017-07-23,Male,Latino,"510 e ash ln  rockledge, fl",32955,11913,351,,
28259,Liam,Jaxson,Harmon,2015-06-07,Male,Black," e 28th st  titusville, fl",32796,11953,352,,
28565,Steven,David,Gainey,2015-09-07,Male,Black,"5960 range line rd  bradenton, fl",34203,12088,353,,
28746,Daniel,Dallas,Quintanilla,2017-01-19,Male,Latino,"1215 chowan ave  bradenton, fl",34209,12166,354,,
29050,Devonte,Jace,Skinner,2017-06-09,Male,White,"760 west kathleen drive  orange blossom, fl",34711,12285,355,,
29146,Benjamin,Joshua,Deleon,2019-08-27,Male,Latino,"10196 faussett rd  burnt store lakes, fl",33955,12324,356,,
29194,Steven,Shepard,Gabriel,2019-12-07,Male,Black,"652 encinitas avenue unit 3 madeira beach, fl",33708,12346,357,,
29221,Ava,Giada,Soma,2019-12-30,Female,White,"7647 canoga ave  mcintosh, fl",32664,12355,358,,
29396,Jaylen,Chester,Legrow,2019-10-16,Male,White,"21793 e rowland cir  cpe coral, fl",33909,12432,359,,
29416,Emma,Liliana,Richmond,2018-04-28,Female,White,"728 spring mill ln  brandon, fl",33547,12441,360,,
29442,Aidan,Hunter,Knight,2015-10-25,Male,White,"595 ne 799 st  altamonte springs, fl",32714,12450,361,,
29447,Bryson,Liam,Ramirez,2017-11-30,Male,Latino,"1946 leonid rd  coconut crk, fl",33066,12451,362,,
29485,Bernard,Kai,Garcia,2019-01-19,Male,Latino,"6326 five mi centre park  prt charlotte, fl",33983,12468,363,,
29520,Lea,Jordyn,Anderson,2016-07-07,Female,White,"10 hosmer dr  longwood, fl",32779,12484,364,,
29548,Aurora,Londyn,Villalobos,2018-11-28,Female,Latino,"815 gregory avenue  palm bay, fl",32907,12495,365,,
29675,Chloe,Layla,Kemper,2018-05-29,Female,White,"1315 park st  clearwater, fl",34698,12545,366,,
29860,Addison,Sariah,Verde,2018-04-11,Female,White,"7580 abner ln  st. petersburg, fl",33701,12631,367,,
29920,Liam,Caden,Flint,2020-03-29,Male,White,"656 sw 25th st  delray beach, fl",33483,12659,368,,
29990,Carter,Tyler,Paige,2018-10-01,Male,Black,"236 e hidden vw dr  melbourne, fl",32934,12686,369,,
29994,Paisley,Braylin,Hanson,2018-09-16,Female,White," 4th ave n  sebastian, fl",32958,12687,370,,
30029,David,William,Aguero,2016-11-13,Male,Latino,"640 ruby trust way  cape coral, fl",33909,12701,371,,
30084,Jordan,Yair,Valle,2016-06-16,Male,Latino,"20235 fenmore  fort myers, fl",33913,12724,372,,
30085,Priscila,Kylie,Linares-Brito,2019-10-13,Female,Latino,"20235 fenmore  fort myers, fl",33913,12724,373,,
30109,Benjamin,Phillip,Basulto,2019-09-12,Male,Latino,"9553 sage hill way  miami beach, fl",33138,12736,374,,
30170,Isaiah,Jesus,Kinney,2019-11-07,Male,Multiracial or Other,"8901 danshire road apt 324 wesley chapel, fl",33544,12757,375,,
30178,Skyler,Emily,Padilla,2017-12-01,Female,Latino,"4952 w lakeview park dr  unincorporated, fl",34786,12759,376,,
30221,Gabriel,William,Lombardi,2018-02-26,Male,White,"4039 ne 76th ave  stuart, fl",34997,12776,377,,
30364,Lukas,Gabriel,Mcinnis,2016-06-18,Male,Black,"n25w 26466 bucks is court  orlando, fl",32811,12838,378,,
30389,Thaddeus,Leonardo,Niblock,2019-09-03,Male,Multiracial or Other,"15509 vail cut off rd se  jacksonville, fl",32254,12847,379,,
30390,Kamryn,Meadow,Barber,2019-08-09,Female,Multiracial or Other,"15509 vail cut off rd se  jacksonville, fl",32254,12847,380,,
30670,Damien,Nova,Brown,2016-05-30,Male,Black,"4991 picciola dr  lake pk, fl",33403,12976,381,,
30742,Thomas,Adley,Sanchez-Lopez,2018-10-20,Male,Latino,"6400 surfside ln  crescent cty, fl",32112,13006,382,,
30769,Adam,Jace,Westall,2017-04-16,Male,White,"130 fuller str  palm bay, fl",32909,13017,383,,
30798,Troy,Parker,Och,2017-12-16,Male,White,"1179 anna rebecca ct  hialeah, fl",33179,13027,384,,
30799,Nova,Callie,Kowalsky,2019-10-25,Female,White,"1179 anna rebecca ct  hialeah, fl",33179,13027,385,,
30990,Karter,Josiah,Paynter,2018-10-17,Male,White,"3500 american blv west  bonita spgs, fl",34135,13109,386,,
31043,Sariyah,Malia,Ferguson,2018-04-30,Female,White,"4465 possum st  sarasota, fl",34239,13128,387,,
31050,Bianca,Layla,Song,2017-01-29,Female,Asian,"13028 quail meadow dr  jacksonville, fl",32256,13131,388,,
31082,Brianna,Madison,Breding,2016-01-17,Female,White,"733 main stre  bradenton, fl",34209,13148,389,,
31116,Jaden,Jordan,Hawpe,2016-08-15,Male,Multiracial or Other,"4812 clarendon road  panama cty, fl",32408,13161,390,,
31232,Julian,Luca,Spohn,2017-04-29,Male,White,"208 cedar ln  oviedo, fl",32765,13211,391,,
31260,Julian,Judah,Leslie,2016-12-03,Male,White,"2250 sapodilla rd sw  englewood, fl",33947,13225,392,,
31303,Samuel,Luca,Legaspi,2019-12-05,Male,Multiracial or Other,"7504 silvana terrace rd  tampa, fl",33634,13244,393,,
31334,Alaina,Maritza,Mayen,2016-10-25,Female,Black,"29 roosevelt boulevard  temple terrace, fl",33592,13259,394,,
31483,William,David,Sparks,2020-03-01,Male,Black,"2016 main st  panama city beach, fl",32413,13311,395,,
31496,Addison,Jazmine,Wu,2019-06-03,Female,Asian,"411 hampton park dr  longwood, fl",32750,13316,396,,
31616,Wyatt,Kyree,Overy,2019-11-03,Male,Multiracial or Other,"151 signature farm ln  the villages, fl",32159,13369,397,,
31679,Gianna,Amara,Asturias,2018-07-02,Female,Latino," sierra avenue  jacksonville, fl",32206,13392,398,,
31744,Ryan,Mason,Herrera Lachman,2017-12-24,Male,Latino,"38367 yokohl valley dr  elkton, fl",32033,13426,399,,
31821,Braelyn,Journey,Gonzales,2017-09-30,Female,Latino,"859 r rd  merritt island, fl",32953,13453,400,,
31830,Nailah,Leah,Edelen,2019-01-12,Female,Black,"9009 wstn lake dr  belleview, fl",34420,13456,401,,
31903,Noah,Hakeem,Everts,2016-01-06,Male,White,"3378 w cedar dr  kendall, fl",33189,13489,402,,
31927,Elliot,Thomas,Gonzalez,2018-08-10,Male,Latino,"7 getzil berger boulevard u 203 unincorporated, fl",33406,13498,403,,
31946,Cameron,Wendell,Vasques,2019-08-06,Male,Latino,"606 riviera dunes way  temple terrace, fl",33612,13505,404,,
31997,John,Andre,Roman,2019-01-25,Male,Latino,"2081 silver  alva, fl",33920,13524,405,,
32157,Kayden,Leonardo,Dilligard,2019-08-15,Male,Black,"4299 w abergheny lane  bradenton, fl",34207,13594,406,,
32215,Harmoni,Penelope,Sams,2018-11-16,Female,White,"9921 35th ave ne  jacksonville, fl",32208,13620,407,,
32223,Johan,Gabriel,Hanson,2018-10-20,Male,White,"6821 ezzard charles ln  debary, fl",32713,13623,408,,
32239,Emiliano,Ever,Bradfield,2019-06-21,Male,White,"30214 e trap pond rd  palm spgs, fl",33461,13628,409,,
32258,Ari,Nathaniel,Manuel,2019-08-25,Male,Black,"9 forbes pl  largo, fl",33773,13638,410,,
32307,Camden,Jahir,Khavari,2016-06-05,Male,Multiracial or Other,"1746 delmar dr  port saint lucie, fl",34953,13655,411,,
32355,Emmie,Evelyn,Butler,2017-07-02,Female,Black,"9324 stone rd  north fort myers, fl",33917,13675,412,,
32391,Aaliyah,Saylor,Zec,2018-10-16,Female,White,"2302 thornknoll dr  largo, fl",33771,13694,413,,
32399,Griffin,Kaiden,Cosme-Costello,2018-09-14,Male,Latino,"7920 monterey shors dr  baldwin, fl",32234,13698,414,,
32400,Gabrielle,Aria,Sanches,2019-10-13,Female,Latino,"7920 monterey shors dr  baldwin, fl",32234,13698,415,,
32458,Maverick,Jeronimo,Wooddell,2015-10-06,Male,White,"2036 haniman drive 5th fl edgewater, fl",32141,13714,416,,
32629,Josephine,Breanna,Johnson,2019-03-15,Female,Black,"9045 21st ave sw  jacksonville, fl",32206,13786,417,,
32632,John,Emilio,Richardson,2020-01-28,Male,White,"80 jackson avnu  north fort myers, fl",33917,13787,418,,
32735,Eve,Diana,Smith,2018-02-16,Female,White,"2902 gdn st  deland, fl",32724,13832,419,,
32805,Nova,Emily,Carter,2018-02-02,Female,Black,"35224 brittany dr  st. petersburg, fl",33710,13862,420,,
32940,Thea,Saniya,Mote,2020-03-31,Female,White," page drive  unincorporated, fl",34786,13923,421,,
33078,Alivia,Paisley,Montoya,2020-02-08,Female,Latino,"140 s harbin dr  fort myers, fl",33919,13978,422,,
33087,Zoe,Nicole,Alves,2019-09-13,Female,White,"231 sylla street  sarasota, fl",34233,13981,423,,
33266,Alisha,Layla,Moore,2017-08-13,Female,White,"85-31 67 road  loughman, fl",34758,14056,424,,
33348,Abdiel,Samuel,Fredette,2019-12-04,Male,White,"1637 lake st  cape coral, fl",33993,14090,425,,
33477,Luca,Jayden,Lawrence,2020-02-25,Male,Black,"4531 shark dr  four-seasons-mobile-home-park, fl",33190,14141,426,,
33522,Tony,Milo,Nelson,2017-09-13,Male,Black," e bolger road  cape coral, fl",33991,14159,427,,
33731,Diana,Liz,Root,2017-05-16,Female,White,"2025 un st  hialeah, fl",33169,14249,428,,
33745,Sarah,Camila,Hanson,2019-06-28,Female,Multiracial or Other,"112 churchill dow  north lauderdale, fl",33068,14255,429,,
33868,Stephano,Mikael,Woods,2015-05-26,Male,Black,"2279 ellwood ave  miramar, fl",33023,14300,430,,
33872,Eva,Aurora,Heath,2018-04-15,Female,White,"11734 helta ct  fort myers, fl",33912,14301,431,,
33893,Lorenzo,Lance,Collins,2019-11-09,Male,Black,"14243 sw 24th st  saint augustine, fl",32080,14309,432,,
33954,Samuel,Blake,Yap,2019-01-29,Male,Multiracial or Other,"160 river road  destin, fl",32541,14336,433,,
34063,Camila,Victoria,Garcia,2018-12-25,Female,Latino,"6395 quebec st  st augustine, fl",32084,14382,434,,
34104,Liam,Stefan,Fisher,2016-06-26,Male,Black,"6290 shirley dr  fort myers, fl",33919,14399,435,,
34358,Eden,Layla,Cordova,2019-06-08,Female,White,"949 weimar ct  davie, fl",33325,14507,436,,
34385,Emma,Amia,Boyland,2018-11-27,Female,Black,"126 byberry rd  odessa, fl",33556,14520,437,,
34468,Santiago,Seth,Liu,2019-07-21,Male,Asian,"13190 fir rd  unincorporated, fl",33415,14557,438,,
34888,Isabella,Mira,Zurita,2018-10-13,Female,Latino,"5113 nth 144th avn  palm bay, fl",32905,14736,439,,
35045,Alexander,Casey,Langstaff,2015-07-31,Male,White,"1105 cr 256  lehigh acres, fl",33971,14801,440,,
35102,Camilla,Korra,Savage,2020-03-20,Female,Black,"657 worcester st  kendall, fl",33146,14828,441,,
35148,Gian,Marcus,Wolski,2019-01-15,Male,Asian,"1125 w grace st  kissimmee, fl",34746,14847,442,,
35394,Jadon,Adonis,Cedeno,2018-05-15,Male,Latino,"1225 edison ave  n bay village, fl",33141,14956,443,,
35447,Serenity,Lainey,Alvarez,2017-06-27,Female,Latino,"1986 s oak st  sarasota, fl",34232,14980,444,,
35468,Estelle,Karmen,Allen,2018-08-16,Female,White,"822 22nd st  franjo, fl",33196,14992,445,,
35491,Daniel,Micaiah,Cote,2020-03-04,Male,White,"1349 edelweiss dr  lehigh acres, fl",33973,15000,446,,
35576,Uriel,Riley,Smith,2019-07-15,Male,White,"1503 sheridan rd  cherry lake, fl",34748,15032,447,,
35598,Lana,Ayah,Brusso,2016-03-09,Female,White,"118 chaffee avenue east  tampa, fl",33614,15044,448,,
35620,Aubrey,Faith,Aldas,2016-11-24,Female,Latino,"9382 aviano dr 202  hudson, fl",34667,15052,449,,
35708,Slade,Daniel,Markland,2016-01-10,Male,White,"509 locke street  vero beach, fl",32967,15091,450,,
35779,Alice,Hannah,Ffrench,2017-12-15,Female,Black,"7500 york ave so  boca raton, fl",33496,15122,451,,
35970,Caroline,Kennedy,Windsor,2018-01-26,Female,White,"2519 martin ave  san antonio, fl",33576,15199,452,,
36035,Stefan,Gentry,Coleman,2017-06-12,Male,Black,"35 lewis st  bonita springs, fl",34135,15223,453,,
36037,Londyn,Eve,Sanders,2019-10-15,Female,Black,"35 lewis st  bonita springs, fl",34135,15223,454,,
36233,Elias,Kason,Knowles,2020-01-31,Male,White,"22111 prospect st  prt richey, fl",34668,15307,455,,
36288,Ryan,Robert,Cavallo,2017-02-08,Male,Latino,"1006 smith ridge rd  cape coral, fl",33914,15332,456,,
36321,Joanna,Chana,Rogers,2017-04-01,Female,Black,"5350 n brawley ave  coral springs, fl",33065,15346,457,,
36364,Sofia,Charm,Smoke,2019-10-08,Female,Black,"1221 kyle dr  jacksonville, fl",32210,15363,458,,
36507,Liam,Adrian,Villalobos,2018-02-01,Male,Latino,"1513 e twenty-fifth st  jacksonville, fl",32224,15430,459,,
36508,Gabriel,Matthew,Orozco,2019-04-26,Male,Latino,"1513 e twenty-fifth st  jacksonville, fl",32224,15430,460,,
36537,Salma,Milana,Jones,2019-05-18,Female,Black,"121 breanna way  sarasota, fl",34232,15445,461,,
36538,Cara,Celine,Huynh,2019-08-21,Female,Black,"121 breanna way  sarasota, fl",34232,15445,462,,
36558,Ariah,Kamari,Roland,2017-07-23,Female,Black,"2929 2nd ave n  hollywood, fl",33019,15452,463,,
36566,Scarlett,Kalani,Phillips,2018-04-27,Female,White," polar rock place southwest  riverview, fl",33578,15455,464,,
36586,Cora,Violetta,Hines,2016-07-08,Female,Black,"1818 w summer st  lane pk, fl",32726,15463,465,,
36605,Austin,Easton,Hiser,2015-07-12,Male,White,"2039 s forest ave  ormond beach, fl",32174,15471,466,,
36775,Christopher,Richard,Le,2018-01-09,Male,Asian,"416 dusty brk dr  bonita springs, fl",34135,15542,467,,
36787,Ariana,Jamie,Ivery,2019-09-10,Female,Black,"21400 golden triangle rd  kissimmee, fl",34747,15543,468,,
36905,Noah,Isaias,Salceda,2019-11-01,Male,Latino," chrystie st  fort lauderdale, fl",33308,15595,469,,
36963,Kynlee,Layan,Herreracruz,2018-02-04,Female,Latino,"1700 6th st nw  venice, fl",34275,15616,470,,
37013,Liam,Nathan,Brown,2018-04-02,Male,Black,"1104 sylvan lane  pensacola, fl",32526,15639,471,,
37120,Brielle,Stella,Migliaccio,2019-11-29,Female,Latino,"2188 kelby cir  fort pierce, fl",34982,15684,472,,
37196,Kyrie,Terry,Hinton,2020-03-17,Male,Black,"50 gannet court  altamonte springs, fl",32714,15713,473,,
37197,Lev,Gregorio,Williams,2019-08-11,Male,Black,"50 gannet court  altamonte springs, fl",32714,15713,474,,
37201,Jackson,Zachary,Beers,2016-06-23,Male,White,"105 oasis ct  lynn haven, fl",32404,15716,475,,
37235,Jeremiah,Erick,Lang,2016-08-22,Male,White,"3406 w florist ave  tampa, fl",33606,15732,476,,
37291,Liam,Joshua,Dawson,2019-09-12,Male,White,"331 greyson st  lehigh acres, fl",33971,15749,477,,
37311,Sarah,Margot,Fuhriman,2018-09-04,Female,White,"9750 south eggleston avenue  gainesville, fl",32608,15757,478,,
37469,Caroline,Brianna,Vargas,2020-02-14,Female,Latino,"5952 blossman rd  st. petersburg, fl",33711,15819,479,,
37629,Parker,Selim,Naranjo,2017-01-04,Male,Latino,"716 springloch ro  davie, fl",33328,15890,480,,
37653,Raelynn,Kyndall,Lee,2018-05-06,Female,Black,"192 brooks ln  tamarac, fl",33321,15899,481,,
37654,Luna,Adela,Smith,2018-05-23,Female,Black,"192 brooks ln  tamarac, fl",33321,15899,482,,
37683,Sylus,Kellan,Perez,2019-09-27,Male,Latino,"1500 n elm st  crestview, fl",32539,15913,483,,
37736,Chase,Tylan,Herrera Escabar,2017-08-07,Male,Latino,"377 lake amberleigh drive  dade city, fl",33523,15937,484,,
37879,Jack,Everett,Ramirez,2019-05-18,Male,Latino,"9093 robert  yalaha, fl",34715,15994,485,,
37926,Isaac,Gavin,Rios,2018-07-09,Male,Latino,"7800 sw sagert st  vero beach, fl",32960,16016,486,,
38016,Aurora,Briella,Chaves,2017-04-09,Female,Latino,"3717 ben creek ct  deltona, fl",32738,16058,487,,
38020,Abraham,Shaquille,Morgan,2019-10-17,Male,White,"35 wentz st  umatilla, fl",32702,16059,488,,
38189,James,Lucas,Byrd,2016-06-13,Male,White,"1113 e pontiac wy  alva, fl",33920,16142,489,,
38247,Javier,Wisdom,Samuels,2018-12-17,Male,Latino,"5848 pierce manse loop  fort myers, fl",33967,16168,490,,
38429,Avia,Abigail,Collins,2018-05-10,Female,White,"135 high street  umatilla, fl",32784,16243,491,,
38431,Jose,Rylen,Calderon,2018-05-15,Male,Latino,"135 high street  umatilla, fl",32784,16243,492,,
38467,Olivia,Magdalena,Bernier,2019-09-05,Female,Latino,"29668 big range rd  spring hill, fl",34606,16256,493,,
38481,Aliyah,Sarah,Rivera,2016-06-12,Female,Latino,"10317 se market drive  lehigh acres, fl",33972,16263,494,,
38542,Finley,Raegan,Tschoepe,2018-11-07,Female,White,"425 2nd st se  north fort myers, fl",33903,16290,495,,
38600,Khloe,Kyrie,Scott,2017-07-31,Female,White," fernbrook drive  hollywood, fl",33004,16316,496,,
38651,Grant,Lucas,Holt,2017-12-23,Male,Black,"10 wren dr  altamonte springs, fl",32714,16337,497,,
38675,Mya,Layla,Dominguez,2018-09-23,Female,Latino,"1075 w yale ave  riverview, fl",33579,16348,498,,
38738,Arya,Eleanor,Yee,2017-03-13,Female,Multiracial or Other,"108 boxford ct  unincorporated, fl",32703,16379,499,,
38897,James,Lucas,Dachel,2017-07-22,Male,White,"17 fox dr  pt charlotte, fl",33948,16445,500,,
38907,Aubrey,Sophia,Estrella,2017-02-25,Female,Latino,"555 lakewood  cp coral, fl",33914,16448,501,,
39315,Alexander,Kaiser,Estradalopez,2020-02-15,Male,Latino,"962 hwy 270  longwood, fl",32750,16623,502,,
39320,Israel,Lucas,Gutermuth,2019-06-12,Male,White,"7820 frances dr  fort myers, fl",33905,16624,503,,
39367,Aiden,Lucas,Mcdaniel,2019-12-27,Male,Black,"108 4th st s  largo, fl",33756,16644,504,,
39458,Reese,Jayden,Burns,2019-05-26,Male,Black,"502 bloomingdale dr  royal country, fl",33178,16683,505,,
39647,Tatiana,Kenzley,Gile,2019-11-19,Female,White,"5134 w fallen leaf ln  lehigh acres, fl",33973,16756,506,,
39732,Serenity,Izabella,Schneider,2016-12-20,Female,White,"369 greenfield rd  palm bay, fl",32907,16794,507,,
39772,Robert,Tristan,Henderson,2016-01-16,Male,White,"2579 south teddy avenue  jupiter, fl",33458,16813,508,,
39773,Tristan,Adrian,Simonds,2017-12-23,Male,White,"2579 south teddy avenue  jupiter, fl",33458,16813,509,,
39788,Christian,Christopher,Tanner,2018-09-29,Male,White,"2608 239th ave se  jacksonville, fl",32210,16820,510,,
39812,Taylin,James,Tumilty,2019-04-04,Male,White,"20607 fawn circle apt 1011 trapnell, fl",33565,16829,511,,
39931,Giovanni,Leonardo,Nixon,2017-06-07,Male,Black,"5526 e 100 n  spring hill, fl",34609,16881,512,,
39936,Brantley,Arthur,Warner,2019-09-17,Male,White,"10025 woodland rdg w  pensacola, fl",32534,16883,513,,
39952,Emmanuel,John,Smith,2020-03-19,Male,Black,"158 idaho av  unincorporated, fl",32805,16891,514,,
39991,Leonardo,Julian,Dykes,2017-01-13,Male,White,"3 corte medici  lake land, fl",33813,16910,515,,
40070,Zoey,Vera,Melo,2019-11-23,Female,Latino,"17606 s ramsby rd  rockdale, fl",33185,16945,516,,
40282,Vivianna,Rebekah,Huskey,2020-03-10,Female,Black,"151-19 79 street  largo, fl",33773,17050,517,,
40644,Harper,Gabriella,Rosa,2018-05-07,Female,Latino,"2572 courthouse rd  bradenton, fl",34202,17196,518,,
40671,Juan,Roman,Chafin,2020-02-04,Male,White,"3773 us route 2  kissimmee, fl",34744,17205,519,,
40768,Sophie,Taylor,Ferry,2018-11-14,Female,White,"2369 nido aguila  melbourne, fl",32905,17248,520,,
40858,Ariana,Savannah,Laluna,2018-01-29,Female,White,"5106 harvey rd  bradenton, fl",34207,17286,521,,
40951,Victoria,Katalina,Morganti,2016-12-29,Female,White,"16511 hwy 392  palm spgs, fl",33461,17325,522,,
40984,Stella,Elliana,Toe,2018-12-03,Female,Black,"95 prospect st  largo, fl",33774,17339,523,,
41016,Brian,Nathan,Robles Duncan,2015-04-05,Male,Latino,"82551 cray mill dv  bradenton, fl",34202,17352,524,,
41037,Shiloh,Knox,Reed,2016-05-27,Male,Black,"1137 melby dve  dalhousie acres, fl",32776,17362,525,,
41038,Valentina,Aisha,Pack,2019-03-22,Female,Black,"1137 melby dve  dalhousie acres, fl",32776,17362,526,,
41114,Thea,Loralei,Stone,2018-09-28,Female,Multiracial or Other,"60-62 edgecliff road  alva, fl",33920,17389,527,,
41288,Arabella,Valeria,Mcnealey,2016-08-03,Female,Black,"16512 kingspointe lake ln  estero, fl",33928,17463,528,,
41357,Gabriella,Aria,Barnhart,2016-06-12,Female,White,"1528 s montgomery st  kendall, fl",33176,17497,529,,
41411,Alondra,Elisa,Morikawa,2015-08-06,Female,Asian,"533 columbia aven  hialeah, fl",33166,17519,530,,
41485,Elisa,Isabella,Millsaps,2016-09-19,Female,White,"16-18 pine street  tamarac, fl",33319,17548,531,,
41651,Ameer,Killian,Wages,2020-03-27,Male,White,"4791 lincoln newcastle highway  tamarac, fl",33321,17622,532,,
41669,Gracelyn,Julia,Betancourt-Aparicio,2017-02-25,Female,Latino,"5429 south street  osteen, fl",32764,17629,533,,
41706,Millie,Ansleigh,Chastain,2018-12-26,Female,White,"19303 solarzano st  jacksonville beach, fl",32250,17642,534,,
41733,James,Brycen,Haylock,2016-10-10,Male,Black,"501 west 78th street no 8 a kissimmee, fl",34744,17652,535,,
41780,Callie,Taytum,Abrego-Fernandez,2019-10-03,Female,Latino,"8222 devon  jacksonville, fl",32209,17667,536,,
41824,Reagan,Kaylynn,Guerrero,2019-12-27,Female,Asian,"19 howlands ln  cocoa beach, fl",32931,17685,537,,
42158,Harper,Elisa,Vara Johnson,2018-05-14,Female,Latino,"2358 abbey point  jacksonville, fl",32205,17828,538,,
42280,Clayton,Josef,Garcia,2017-04-06,Male,Latino,"13 eastman terrace  montura ranches, fl",33440,17866,539,,
42324,Gianna,Annalee,Yamashita,2019-07-26,Female,Multiracial or Other," w southside court  port orange, fl",32127,17883,540,,
42531,Leah,Elizabeth,Davis,2018-11-12,Female,White,"606 homeview ave  lakeland, fl",33801,17972,541,,
42686,Aiden,Dalton,Almanza,2020-03-01,Male,Latino,"4199 bay beach ln  tampa, fl",33611,18039,542,,
42771,Nicole,Ana,Nelson,2016-08-28,Female,White,"4164 hinsdale rd  pt saint lucie, fl",34953,18072,543,,
42847,Isabelle,Isabella,Garrett Valencia,2019-03-24,Female,Latino,"1122 florence avenue  sarasota, fl",34231,18101,544,,
42899,Ezra,Emmett,Lewis,2019-07-17,Male,Black,"2716 logmill rd  unincorporated, fl",33409,18118,545,,
43043,Mason,Gianni,Montague,2018-11-21,Male,White,"4589 sw masters loop  estero, fl",33928,18181,546,,
43049,Khloe,Eliana,Swanson,2017-03-14,Female,White,"2496 co rd 130  punta gorda, fl",33982,18184,547,,
43050,Evelyn,Naomi,Talbert,2019-04-01,Female,White,"2496 co rd 130  punta gorda, fl",33982,18184,548,,
43058,Lucas,Thiago,Guerrero,2019-09-16,Male,Latino,"500 charles avenue unit 522 fort lauderdale, fl",33308,18186,549,,
43066,Norah,Alessandra,Aguilar,2018-11-13,Female,Latino,"3809 206th pl ne  harbor palms, fl",34689,18190,550,,
43133,Sienna,Naomi,Terrazas,2019-12-02,Female,Latino,"3706 20 st s  temple terrace, fl",33559,18216,551,,
43211,Piper,Makayla,Mendez,2015-09-10,Female,Latino,"670 stolle ro  burnt store lakes, fl",33955,18251,552,,
43279,Bryson,Robert,Higgs,2018-10-26,Male,White,"897 w 100 s  pensacola, fl",32526,18285,553,,
43322,Isla,Lily,Ryder,2020-01-07,Female,White,"899 n. star road  longwood, fl",32779,18305,554,,
43389,Lauren,Ruby,Dutta,2019-11-09,Female,Asian,"6426 peacock blvd  unincorporated, fl",33415,18330,555,,
43436,Gabriel,James,Gomez,2018-09-30,Male,Latino,"2875 washington street  manalapan, fl",33462,18349,556,,
43574,Delilah,Everleigh,Avila,2018-07-09,Female,Latino,"4498 monona d  kissimmee, fl",34741,18413,557,,
43752,Paul,Roman,Ambriz,2018-09-16,Male,Latino,"101 s ocean dr  kissimmee, fl",34743,18478,558,,
43916,Aaliyah,Mia,Barber,2020-02-18,Female,White," nrth 24th street  orlando, fl",32829,18562,559,,
43970,Gabriel,Elias,Madrigal Mendoza,2017-01-29,Male,Latino,"444 thurston dr  saint johns, fl",32259,18584,560,,
44040,Bryson,Dominic,Mcneill,2020-02-26,Male,Black,"300 longview ct  fort lauderdale, fl",33316,18609,561,,
44093,Amari,Noah,Allen,2017-11-18,Male,White,"3211 royal knight cv  kendall, fl",33157,18631,562,,
44098,Gabrielle,Hailey,Reyna-Martin,2018-07-18,Female,Latino,"2025 san pablo av  fort myers, fl",33916,18633,563,,
44111,Samuel,Jacob,Gomez,2020-04-01,Male,Latino,"2881 sw 2 st  pensacola, fl",32526,18638,564,,
44114,Omar,Liam,Vizcarra,2019-12-19,Male,Latino,"704 jefferson street northeast  miramar, fl",33027,18639,565,,
44190,Lennox,Charles,Gaona,2020-02-05,Male,Latino,"11230 hinsley ln  belle glade, fl",33430,18672,566,,
44247,Rhett,Noah,Norton,2019-08-08,Male,White,"2813 nipomo ave  bonita spgs, fl",34134,18698,567,,
44561,Brayden,Noah,Gonzalez,2019-11-04,Male,Latino,"495 w michigan st  largo, fl",33760,18833,568,,
44634,John,Rhett,Boyte,2018-02-12,Male,White,"823 south 18th str  land-o-lakes, fl",34639,18866,569,,
44669,Rubi,Aubrey,Davidson,2015-12-09,Female,White,"519 7th street  dade city, fl",33525,18881,570,,
44670,David,Andrew,Panzarella,2019-09-25,Male,White,"519 7th street  dade city, fl",33525,18881,571,,
44720,Adonis,Noah,Kirby,2018-05-25,Male,Black,"2909 n osage st  deltona, fl",32738,18901,572,,
44863,Malani,Alaiah,Patterson,2018-08-25,Female,White,"22 blue bonnet dr se  jacksonville, fl",32209,18966,573,,
44880,Nora,Lyric,Wilson,2019-09-02,Female,Black,"17080 pheasant meadow ln sw  oakland-park, fl",33334,18974,574,,
44885,Isaiah,Simon,Jimenez,2018-06-13,Male,Latino,"745 hillview st  merritt island, fl",32952,18975,575,,
44920,Noah,Caleb,Freeman,2017-01-28,Male,White,"14415 lamar rd  jacksonville, fl",32217,18988,576,,
45021,Mariella,Madilyn,Solorzano,2020-01-15,Female,Latino,"290 lakeside drive  jacksonville, fl",32257,19027,577,,
45036,Layna,Grace,Pickering,2016-10-11,Female,White,"9 marthas road  altamonte spgs, fl",32701,19034,578,,
45088,Xavier,Connor,Medrano,2016-12-15,Male,Latino,"4015 satellite blvd  alva, fl",33920,19053,579,,
45344,Antonio,Karter,Mcknight,2019-08-14,Male,Black,"8006 rolling rd  kissimmee, fl",34741,19162,580,,
45388,Enzo,Diego,Alonzo,2019-11-11,Male,Latino,"401 s lake str  bradenton, fl",34209,19179,581,,
45405,Raelynn,Antonella,Wildman,2019-09-19,Female,White,"3329 carbonton rd  punta gorda, fl",33950,19186,582,,
45440,Evelyn,Remi,Brown,2020-01-19,Female,Black,"1227 n 482 rd  fort lauderdale, fl",33312,19199,583,,
45472,Sophie,Ariah,Dimery,2016-06-23,Female,Black,"92 merry farm r  longwood, fl",32779,19213,584,,
45709,Agustin,Christian,Tran,2016-09-30,Male,Asian,"2656 1 4 workman st  pensacola beach, fl",32561,19312,585,,
45736,Valerie,Ariella,Lerouge,2019-02-08,Female,Black,"187 wintergreen wy  fleming island, fl",32003,19325,586,,
45963,Noah,Jack,Dickson,2018-11-21,Male,White,"10529 w state highway t hwy  saint augustine, fl",32092,19421,587,,
45994,James,Edan,Delancey,2016-10-01,Male,Multiracial or Other,"111 kenton ct  spring hill, fl",34608,19433,588,,
46026,Isabella,Leilani,Baynton,2019-04-25,Female,White,"4847 duncan rd  palm bay, fl",32909,19447,589,,
46049,Damian,Jacob,Thompson,2018-04-18,Male,Multiracial or Other,"931 circle dr  hialeah, fl",33161,19456,590,,
46067,Joel,Aaron,Baker,2018-09-22,Male,Black,"47-09 157th street  tampa, fl",33612,19463,591,,
46147,Peyton,Ryan,Gamboa,2017-07-27,Male,Latino,"1661 olive st  fort lauderdale, fl",33316,19498,592,,
46159,Thea,Carsyn,Maxson,2019-05-28,Female,Multiracial or Other,"2306 evergreen avenue  cape coral, fl",33909,19502,593,,
46182,Abigail,Davina,Johnson,2019-05-03,Female,Black,"1601 e cherry ln  debary, fl",32713,19513,594,,
46208,Derek,Diego,Yu,2017-06-10,Male,Asian,"92 wagners road  jacksonville, fl",32219,19522,595,,
46294,Josue,Roger,Schwager,2015-04-12,Male,Multiracial or Other,"6514 park ave  jacksonville, fl",32211,19561,596,,
46326,Orlando,Christian,Lewis,2017-04-15,Male,White,"1225 lafayette ave  cape coral, fl",33991,19572,597,,
46456,Carter,Jose,Reveron,2017-03-11,Male,Black,"34 mayflower drive  jacksonville, fl",32206,19629,598,,
46478,Audriana,Autumn,Smith,2015-09-08,Female,White,"7680 automobile road  lakeland, fl",33812,19637,599,,
46531,Victor,Luca,Rugg,2019-07-28,Male,White,"22 clio avenue  lehigh acres, fl",33971,19662,600,,
46658,James,Aven,Walker,2017-11-09,Male,Black,"508 evans ave  jacksonville, fl",32224,19716,601,,
46742,Gabriela,Faith,Phifer,2019-12-20,Female,White,"215 b107 pelham rd  riviera beach, fl",33407,19758,602,,
46792,Josiah,Colton,Lind,2016-06-20,Male,Latino,"5283 grovemont dr  hialeah, fl",33166,19770,603,,
46793,Luis,Atlas,Rodriguez,2019-03-30,Male,Latino,"5283 grovemont dr  hialeah, fl",33166,19770,604,,
46828,Ruth,Emma,Kison,2019-04-08,Female,White,"7 ullswater lane apt number 490 miramar, fl",33023,19783,605,,
46973,Gabriella,Delilah,Kim,2019-03-19,Female,Asian,"181 butler raod  palm coast, fl",32137,19851,606,,
47079,Cosette,Kinsley,Germain,2015-04-06,Female,Multiracial or Other,"4110 castlegate  kissimmee, fl",34744,19895,607,,
47112,William,William,Bahm,2018-05-01,Male,Latino,"423 sullivan st  winter sprngs, fl",32708,19908,608,,
47138,Julian,Ayden,Caracas,2018-03-11,Male,Latino,"8891 breezy pnt blvd  jacksonville, fl",32223,19919,609,,
47227,Marcelo,Caleb,Bilka,2020-03-25,Male,White,"4229 s fulton pl  coconut creek, fl",33073,19953,610,,
47370,Allison,Ariana,Kirkeby,2019-01-02,Female,White,"337 crestview drive apt b 22 lk land, fl",33815,20011,611,,
47374,Roman,Malachi,Main,2019-01-07,Male,White,"1798 nw 34th st  deerfield beach, fl",33064,20012,612,,
47423,King,Judah,Foster,2019-08-24,Male,White,"13 e big sky pl  parrish, fl",34219,20030,613,,
47455,Aiden,Irving,Donaher,2019-07-06,Male,White,"10731 segrest dr  dade city, fl",33525,20042,614,,
47639,Samuel,Connor,Mcintosh,2015-04-12,Male,White,"666 auburn ave  sarasota, fl",34234,20123,615,,
47660,Samia,Nicole,Fleming,2015-09-17,Female,Black,"22035 figueroa st  st. petersburg, fl",33710,20130,616,,
47687,Jack,Theodore,Boykin,2017-08-08,Male,Black,"628 fountain st  lehigh acres, fl",33974,20142,617,,
47886,Austin,Harrison,Coates,2019-01-01,Male,Black,"313 plumvalley st  west palm beach, fl",33411,20228,618,,
47894,Sylvie,Lily,Smith,2016-05-19,Female,Black,"255 glenullen dr  jacksonville, fl",32216,20232,619,,
47980,Tyler,James,Boone,2015-04-15,Male,White,"36039 cabrillo dr  st augustine, fl",32086,20265,620,,
47983,William,Aiden,Hernandez Martinez,2019-04-28,Male,Latino,"311 s grand view st  poinciana, fl",34759,20266,621,,
47988,Monica,Kamryn,Bridges,2016-01-25,Female,Black,"1451 4 ave sw  palm lake trailer court, fl",33180,20267,622,,
48004,Liliana,Aliya,Baltazar,2018-08-10,Female,Latino,"230 426d roper mountain road ext  lehigh acres, fl",33971,20275,623,,
48073,Kamille,Grace,Bell Valle,2015-09-28,Female,Latino,"375 kingsport dr  lutz, fl",33613,20303,624,,
48125,Charles,Luis,Angulo,2020-02-15,Male,Latino,"5605 erie ave sw  titusville, fl",32780,20327,625,,
48136,Xavier,Matias,Ruiz,2019-08-21,Male,Latino,"8219 minor ln  venice, fl",34275,20331,626,,
48171,Kailani,Nyla,Ray,2019-06-27,Female,White,"437 e castle st  palmetto, fl",34221,20341,627,,
48247,Brennan,Jordan,Smith-Huerta,2018-01-24,Male,Latino,"15052 lakeside trail cir sw  oviedo, fl",32765,20373,628,,
48269,Kaylee,Trinity,Hill,2017-10-20,Female,Black,"98 melanie dr  pembroke pines, fl",33026,20380,629,,
48351,Lev,Thomas,Dove,2018-10-18,Male,Black,"671 john muir road  spring hill, fl",34610,20422,630,,
48442,Frederick,Cameron,Rodriguez,2019-06-04,Male,Latino,"5765 heards forest dr  crestview, fl",32539,20452,631,,
48456,Liam,Emmett,Sardone,2017-01-08,Male,White,"107 brown ave  st. petersburg, fl",33704,20458,632,,
48458,Cameron,Nolan,Emerson,2019-02-16,Male,White,"107 brown ave  st. petersburg, fl",33704,20458,633,,
